Nom du graphe,Score Flot,Temps Flot,Score MultiFlot,Temps MultiFlot,Score Martin,Temps Martin
Spd_RF2_100_114_1811.txt,26.0,0.17,26.0,3.62,26.0,16.82
Spd_RF2_100_114_1819.txt,23.0,0.19,23.0,3.48,23.0,12.14
Spd_RF2_100_114_1827.txt,23.0,0.14,23.0,3.72,23.0,19.3
Spd_RF2_100_114_1835.txt,23.0,0.2,23.0,3.73,23.0,15.23
Spd_RF2_100_114_1843.txt,24.0,0.34,24.0,4.5,24.0,21.19
Spd_RF2_100_129_1851.txt,18.0,0.6,18.0,14.58,20.0,62.37
Spd_RF2_100_129_1859.txt,16.0,0.47,16.0,11.27,19.0,62.33
Spd_RF2_100_129_1867.txt,17.0,0.6,17.0,11.05,17.0,60.56
Spd_RF2_100_129_1875.txt,16.0,0.25,16.0,15.61,17.0,62.36
Spd_RF2_100_129_1883.txt,15.0,0.6,15.0,7.86,15.0,40.44
Spd_RF2_100_144_1891.txt,12.0,1.06,13.0,64.02,28.0,62.48
Spd_RF2_100_144_1899.txt,11.0,1.31,12.0,64.01,16.0,62.66
Spd_RF2_100_144_1907.txt,14.0,0.71,14.0,18.38,17.0,62.48
Spd_RF2_100_144_1915.txt,9.0,0.99,9.0,50.2,24.0,62.69
Spd_RF2_100_144_1923.txt,13.0,0.85,13.0,36.47,15.0,62.51
Spd_RF2_100_159_1931.txt,8.0,1.04,19.0,64.46,28.0,63.11
Spd_RF2_100_159_1939.txt,9.0,1.3,12.0,64.43,12.0,62.89
Spd_RF2_100_159_1947.txt,7.0,3.37,8.0,64.49,28.0,62.62
Spd_RF2_100_159_1955.txt,8.0,1.6,11.0,64.36,11.0,62.77
Spd_RF2_100_159_1963.txt,10.0,0.85,12.0,64.43,13.0,62.84
Spd_RF2_100_174_1971.txt,6.0,2.43,8.0,64.6,8.0,62.92
Spd_RF2_100_174_1979.txt,6.0,4.56,8.0,64.69,22.0,63.3
Spd_RF2_100_174_1987.txt,8.0,1.4,14.0,64.87,26.0,62.81
Spd_RF2_100_174_1995.txt,7.0,2.07,7.0,64.76,8.0,63.0
Spd_RF2_100_174_2003.txt,4.0,2.61,7.0,64.67,26.0,62.92
Spd_RF2_120_136_2211.txt,30.0,0.31,30.0,5.53,30.0,24.31
Spd_RF2_120_136_2219.txt,29.0,0.24,29.0,5.05,29.0,23.37
Spd_RF2_120_136_2227.txt,29.0,0.23,29.0,5.85,29.0,23.23
Spd_RF2_120_136_2235.txt,30.0,0.25,30.0,7.81,30.0,52.23
Spd_RF2_120_136_2243.txt,30.0,0.3,30.0,5.86,30.0,20.13
Spd_RF2_120_152_2251.txt,21.0,0.36,21.0,16.44,24.0,63.36
Spd_RF2_120_152_2259.txt,22.0,0.51,22.0,9.46,25.0,63.41
Spd_RF2_120_152_2267.txt,22.0,0.58,22.0,19.21,23.0,63.27
Spd_RF2_120_152_2275.txt,21.0,0.42,21.0,23.04,23.0,63.43
Spd_RF2_120_152_2283.txt,23.0,0.33,23.0,8.4,25.0,63.22
Spd_RF2_120_169_2291.txt,17.0,1.27,17.0,66.12,21.0,63.95
Spd_RF2_120_169_2299.txt,16.0,1.49,17.0,65.59,34.0,63.69
Spd_RF2_120_169_2307.txt,14.0,1.26,14.0,65.84,16.0,64.06
Spd_RF2_120_169_2315.txt,17.0,5.49,19.0,65.81,21.0,63.72
Spd_RF2_120_169_2323.txt,16.0,1.42,16.0,25.39,22.0,63.67
Spd_RF2_120_185_2331.txt,11.0,5.04,15.0,66.13,34.0,63.96
Spd_RF2_120_185_2339.txt,12.0,3.45,25.0,66.15,36.0,63.9
Spd_RF2_120_185_2347.txt,13.0,1.37,17.0,66.34,15.0,64.21
Spd_RF2_120_185_2355.txt,10.0,1.99,15.0,125.55,27.0,63.7
Spd_RF2_120_185_2363.txt,12.0,1.73,14.0,66.34,30.0,63.69
Spd_RF2_120_202_2371.txt,7.0,6.03,30.0,66.67,32.0,63.76
Spd_RF2_120_202_2379.txt,12.0,1.8,15.0,66.73,34.0,64.09
Spd_RF2_120_202_2387.txt,8.0,3.71,31.0,67.47,35.0,64.0
Spd_RF2_120_202_2395.txt,7.0,4.99,11.0,66.68,32.0,63.8
Spd_RF2_120_202_2403.txt,9.0,3.84,11.0,66.75,35.0,64.01
Spd_RF2_140_157_2611.txt,35.0,0.3,35.0,7.92,35.0,64.17
Spd_RF2_140_157_2619.txt,34.0,0.25,34.0,7.53,36.0,64.37
Spd_RF2_140_157_2627.txt,35.0,0.37,35.0,16.12,37.0,64.8
Spd_RF2_140_157_2635.txt,34.0,0.42,34.0,8.98,34.0,62.69
Spd_RF2_140_157_2643.txt,33.0,0.25,33.0,9.15,33.0,55.42
Spd_RF2_140_175_2651.txt,24.0,0.62,24.0,22.18,30.0,64.7
Spd_RF2_140_175_2659.txt,27.0,1.0,27.0,44.84,31.0,64.89
Spd_RF2_140_175_2667.txt,26.0,2.08,26.0,67.17,31.0,64.97
Spd_RF2_140_175_2675.txt,25.0,1.43,26.0,67.7,39.0,64.78
Spd_RF2_140_175_2683.txt,27.0,0.39,27.0,17.26,30.0,64.94
Spd_RF2_140_193_2691.txt,18.0,0.85,23.0,67.6,20.0,64.86
Spd_RF2_140_193_2699.txt,18.0,10.55,21.0,67.57,44.0,64.95
Spd_RF2_140_193_2707.txt,19.0,1.16,20.0,67.35,39.0,65.0
Spd_RF2_140_193_2715.txt,20.0,2.44,22.0,67.25,41.0,64.95
Spd_RF2_140_193_2723.txt,19.0,3.27,22.0,67.77,23.0,64.97
Spd_RF2_140_211_2731.txt,14.0,0.92,36.0,68.28,24.0,65.38
Spd_RF2_140_211_2739.txt,17.0,14.39,20.0,68.22,45.0,65.37
Spd_RF2_140_211_2747.txt,16.0,1.98,16.0,68.33,36.0,65.74
Spd_RF2_140_211_2755.txt,14.0,0.97,31.0,68.74,35.0,65.25
Spd_RF2_140_211_2763.txt,15.0,4.32,,125.44,20.0,65.09
Spd_RF2_140_229_2771.txt,10.0,10.07,27.0,68.88,39.0,65.75
Spd_RF2_140_229_2779.txt,9.0,15.26,37.0,69.03,40.0,65.39
Spd_RF2_140_229_2787.txt,11.0,6.68,14.0,69.02,37.0,65.72
Spd_RF2_140_229_2795.txt,11.0,7.45,25.0,69.02,36.0,65.26
Spd_RF2_140_229_2803.txt,12.0,8.79,37.0,69.06,16.0,65.77
Spd_RF2_160_179_3011.txt,39.0,0.37,39.0,15.9,41.0,65.93
Spd_RF2_160_179_3019.txt,39.0,0.73,39.0,14.69,41.0,65.99
Spd_RF2_160_179_3027.txt,41.0,0.59,41.0,20.76,46.0,66.13
Spd_RF2_160_179_3035.txt,40.0,0.4,40.0,13.76,42.0,65.87
Spd_RF2_160_179_3043.txt,40.0,0.26,40.0,9.57,43.0,65.45
Spd_RF2_160_198_3051.txt,32.0,0.61,32.0,31.12,50.0,66.0
Spd_RF2_160_198_3059.txt,29.0,3.15,29.0,69.26,35.0,66.04
Spd_RF2_160_198_3067.txt,32.0,1.31,41.0,68.99,38.0,66.59
Spd_RF2_160_198_3075.txt,31.0,3.58,33.0,69.47,48.0,66.14
Spd_RF2_160_198_3083.txt,32.0,2.05,34.0,69.4,38.0,66.12
Spd_RF2_160_218_3091.txt,22.0,1.97,35.0,69.64,50.0,66.38
Spd_RF2_160_218_3099.txt,25.0,1.54,45.0,69.79,48.0,66.47
Spd_RF2_160_218_3107.txt,21.0,4.21,23.0,69.88,25.0,67.15
Spd_RF2_160_218_3115.txt,24.0,1.65,39.0,69.59,45.0,66.6
Spd_RF2_160_218_3123.txt,25.0,1.11,27.0,69.91,31.0,66.39
Spd_RF2_160_237_3131.txt,20.0,20.22,41.0,70.69,51.0,66.86
Spd_RF2_160_237_3139.txt,16.0,8.31,24.0,70.84,48.0,66.77
Spd_RF2_160_237_3147.txt,17.0,6.86,46.0,70.94,43.0,66.72
Spd_RF2_160_237_3155.txt,16.0,23.1,23.0,70.9,44.0,66.99
Spd_RF2_160_237_3163.txt,18.0,3.31,38.0,70.74,24.0,66.9
Spd_RF2_160_257_3171.txt,16.0,4.45,39.0,71.35,21.0,67.32
Spd_RF2_160_257_3179.txt,13.0,6.26,46.0,71.62,18.0,66.95
Spd_RF2_160_257_3187.txt,12.0,31.48,34.0,71.42,16.0,67.26
Spd_RF2_160_257_3195.txt,13.0,5.01,18.0,71.44,51.0,67.03
Spd_RF2_160_257_3203.txt,13.0,3.84,,127.36,46.0,67.11
Spd_RF2_180_200_3411.txt,47.0,0.41,47.0,13.48,48.0,67.47
Spd_RF2_180_200_3419.txt,47.0,0.51,47.0,15.18,59.0,67.7
Spd_RF2_180_200_3427.txt,47.0,0.48,47.0,17.61,47.0,67.47
Spd_RF2_180_200_3435.txt,46.0,0.31,46.0,26.4,54.0,67.44
Spd_RF2_180_200_3443.txt,45.0,0.59,45.0,32.98,47.0,67.7
Spd_RF2_180_221_3451.txt,33.0,1.59,35.0,71.94,40.0,67.69
Spd_RF2_180_221_3459.txt,36.0,10.91,39.0,71.46,51.0,68.15
Spd_RF2_180_221_3467.txt,34.0,0.81,34.0,29.58,54.0,67.55
Spd_RF2_180_221_3475.txt,35.0,2.85,38.0,71.43,53.0,67.94
Spd_RF2_180_221_3483.txt,37.0,0.83,41.0,72.97,54.0,69.66
Spd_RF2_180_242_3491.txt,25.0,3.48,41.0,72.56,57.0,68.26
Spd_RF2_180_242_3499.txt,26.0,16.86,43.0,72.31,56.0,68.31
Spd_RF2_180_242_3507.txt,26.0,2.02,45.0,72.02,32.0,68.46
Spd_RF2_180_242_3515.txt,25.0,1.44,50.0,72.34,47.0,68.08
Spd_RF2_180_242_3523.txt,25.0,2.67,26.0,72.03,49.0,68.53
Spd_RF2_180_263_3531.txt,19.0,33.67,,128.63,53.0,68.49
Spd_RF2_180_263_3539.txt,21.0,1.54,22.0,72.86,49.0,69.02
Spd_RF2_180_263_3547.txt,21.0,6.94,120.0,73.17,53.0,68.49
Spd_RF2_180_263_3555.txt,21.0,6.34,,128.74,48.0,68.57
Spd_RF2_180_263_3563.txt,23.0,5.31,24.0,72.72,29.0,68.81
Spd_RF2_180_284_3571.txt,16.0,37.51,52.0,74.2,57.0,69.65
Spd_RF2_180_284_3579.txt,17.0,55.76,44.0,73.92,49.0,69.08
Spd_RF2_180_284_3587.txt,15.0,34.29,,129.22,57.0,69.01
Spd_RF2_180_284_3595.txt,20.0,8.62,30.0,74.54,53.0,68.72
Spd_RF2_180_284_3603.txt,20.0,4.98,47.0,74.35,50.0,68.98
Spd_RF2_200_222_3811.txt,51.0,0.28,51.0,14.89,53.0,69.22
Spd_RF2_200_222_3819.txt,50.0,0.47,50.0,13.53,53.0,69.55
Spd_RF2_200_222_3827.txt,50.0,0.71,50.0,59.24,62.0,69.48
Spd_RF2_200_222_3835.txt,51.0,0.54,51.0,39.56,53.0,69.79
Spd_RF2_200_222_3843.txt,51.0,0.58,51.0,23.74,52.0,69.39
Spd_RF2_200_244_3851.txt,40.0,2.71,55.0,73.58,49.0,69.74
Spd_RF2_200_244_3859.txt,42.0,1.43,59.0,73.84,61.0,70.0
Spd_RF2_200_244_3867.txt,39.0,0.97,39.0,73.56,61.0,70.09
Spd_RF2_200_244_3875.txt,37.0,1.12,40.0,73.63,61.0,70.38
Spd_RF2_200_244_3883.txt,39.0,2.2,41.0,73.68,59.0,69.92
Spd_RF2_200_267_3891.txt,31.0,4.45,44.0,75.07,35.0,70.34
Spd_RF2_200_267_3899.txt,30.0,16.82,52.0,74.98,61.0,70.08
Spd_RF2_200_267_3907.txt,30.0,0.98,,129.34,60.0,70.25
Spd_RF2_200_267_3915.txt,30.0,6.57,54.0,75.0,41.0,70.21
Spd_RF2_200_267_3923.txt,31.0,3.8,33.0,75.15,39.0,70.53
Spd_RF2_200_289_3931.txt,23.0,7.59,,130.75,53.0,70.71
Spd_RF2_200_289_3939.txt,25.0,11.8,,130.8,57.0,70.56
Spd_RF2_200_289_3947.txt,25.0,7.93,,130.63,56.0,70.69
Spd_RF2_200_289_3955.txt,26.0,7.51,50.0,75.33,59.0,70.69
Spd_RF2_200_289_3963.txt,25.0,6.64,30.0,76.41,56.0,70.95
Spd_RF2_200_312_3971.txt,18.0,19.39,56.0,77.24,58.0,71.52
Spd_RF2_200_312_3979.txt,16.0,47.7,19.0,77.38,53.0,71.31
Spd_RF2_200_312_3987.txt,19.0,60.06,53.0,78.06,51.0,71.42
Spd_RF2_200_312_3995.txt,17.0,32.48,,131.38,64.0,71.48
Spd_RF2_200_312_4003.txt,20.0,41.88,49.0,77.09,61.0,71.54
Spd_RF2_20_27_211.txt,1.0,0.08,1.0,0.24,1.0,0.18
Spd_RF2_20_27_219.txt,2.0,0.06,2.0,0.2,2.0,0.17
Spd_RF2_20_27_227.txt,2.0,0.07,2.0,0.19,2.0,0.17
Spd_RF2_20_27_235.txt,3.0,0.07,3.0,0.19,3.0,0.25
Spd_RF2_20_27_243.txt,4.0,0.06,4.0,0.2,4.0,0.21
Spd_RF2_20_34_251.txt,1.0,0.08,1.0,0.29,1.0,0.28
Spd_RF2_20_34_259.txt,1.0,0.08,1.0,0.25,1.0,0.19
Spd_RF2_20_34_267.txt,1.0,0.08,1.0,0.25,1.0,0.21
Spd_RF2_20_34_275.txt,2.0,0.09,2.0,0.29,2.0,0.27
Spd_RF2_20_34_283.txt,1.0,0.08,1.0,0.29,1.0,0.3
Spd_RF2_20_42_291.txt,1.0,0.12,1.0,0.44,1.0,0.43
Spd_RF2_20_42_299.txt,0.0,0.12,0.0,0.38,0.0,0.31
Spd_RF2_20_42_307.txt,0.0,0.12,0.0,0.41,0.0,0.41
Spd_RF2_20_42_315.txt,0.0,0.11,0.0,0.41,0.0,0.61
Spd_RF2_20_42_323.txt,0.0,0.12,0.0,0.43,0.0,0.66
Spd_RF2_20_49_331.txt,0.0,0.11,0.0,0.51,0.0,1.09
Spd_RF2_20_49_339.txt,0.0,0.11,0.0,0.56,0.0,1.02
Spd_RF2_20_49_347.txt,0.0,0.14,0.0,0.58,0.0,1.2
Spd_RF2_20_49_355.txt,0.0,0.13,0.0,0.61,0.0,1.66
Spd_RF2_20_49_363.txt,0.0,0.1,0.0,0.55,0.0,2.31
Spd_RF2_20_57_371.txt,0.0,0.13,0.0,0.71,0.0,1.08
Spd_RF2_20_57_379.txt,0.0,0.15,0.0,0.65,0.0,3.66
Spd_RF2_20_57_387.txt,0.0,0.17,0.0,0.57,0.0,2.24
Spd_RF2_20_57_395.txt,0.0,0.12,0.0,0.68,0.0,4.52
Spd_RF2_20_57_403.txt,0.0,0.18,0.0,0.98,0.0,1.45
Spd_RF2_250_273_4011.txt,67.0,0.9,68.0,79.78,80.0,75.47
Spd_RF2_250_273_4019.txt,65.0,0.52,65.0,44.21,80.0,75.41
Spd_RF2_250_273_4027.txt,66.0,1.16,66.0,63.7,80.0,75.31
Spd_RF2_250_273_4035.txt,66.0,0.85,66.0,51.31,80.0,75.84
Spd_RF2_250_273_4043.txt,66.0,0.72,66.0,79.09,78.0,75.39
Spd_RF2_250_297_4051.txt,51.0,5.65,70.0,80.52,76.0,75.91
Spd_RF2_250_297_4059.txt,55.0,8.27,59.0,81.31,76.0,76.4
Spd_RF2_250_297_4067.txt,51.0,2.49,73.0,80.75,75.0,76.28
Spd_RF2_250_297_4075.txt,55.0,9.04,59.0,140.06,77.0,76.02
Spd_RF2_250_297_4083.txt,53.0,5.47,70.0,80.74,61.0,76.2
Spd_RF2_250_321_4091.txt,44.0,12.19,76.0,82.64,72.0,77.04
Spd_RF2_250_321_4099.txt,43.0,15.05,74.0,82.28,79.0,76.99
Spd_RF2_250_321_4107.txt,43.0,5.05,74.0,81.76,72.0,76.92
Spd_RF2_250_321_4115.txt,43.0,7.45,74.0,82.66,80.0,76.9
Spd_RF2_250_321_4123.txt,44.0,3.03,61.0,82.44,76.0,77.22
Spd_RF2_250_345_4131.txt,32.0,60.26,71.0,84.19,71.0,77.37
Spd_RF2_250_345_4139.txt,37.0,8.85,,135.38,74.0,77.73
Spd_RF2_250_345_4147.txt,36.0,12.85,64.0,83.99,71.0,77.67
Spd_RF2_250_345_4155.txt,34.0,60.25,71.0,84.06,73.0,78.09
Spd_RF2_250_345_4163.txt,35.0,3.26,,135.94,74.0,77.8
Spd_RF2_250_369_4171.txt,27.0,31.79,66.0,86.43,75.0,79.6
Spd_RF2_250_369_4179.txt,26.0,60.28,70.0,86.1,78.0,78.58
Spd_RF2_250_369_4187.txt,25.0,47.89,66.0,86.3,80.0,78.82
Spd_RF2_250_369_4195.txt,28.0,15.21,60.0,86.7,68.0,78.53
Spd_RF2_250_369_4203.txt,28.0,60.24,69.0,86.36,71.0,78.63
Spd_RF2_300_326_4211.txt,81.0,1.41,83.0,87.88,94.0,83.92
Spd_RF2_300_326_4219.txt,80.0,1.69,83.0,87.73,96.0,84.41
Spd_RF2_300_326_4227.txt,81.0,2.33,82.0,87.55,93.0,83.76
Spd_RF2_300_326_4235.txt,81.0,1.11,81.0,68.44,96.0,83.8
Spd_RF2_300_326_4243.txt,82.0,1.26,82.0,83.71,97.0,84.22
Spd_RF2_300_353_4251.txt,67.0,0.93,94.0,90.14,93.0,84.77
Spd_RF2_300_353_4259.txt,67.0,1.01,68.0,89.69,92.0,85.05
Spd_RF2_300_353_4267.txt,69.0,25.48,87.0,90.71,97.0,85.03
Spd_RF2_300_353_4275.txt,68.0,16.62,,139.72,77.0,84.87
Spd_RF2_300_353_4283.txt,68.0,1.33,72.0,89.73,94.0,85.14
Spd_RF2_300_380_4291.txt,58.0,4.47,89.0,91.5,92.0,85.94
Spd_RF2_300_380_4299.txt,55.0,4.75,86.0,91.87,92.0,86.4
Spd_RF2_300_380_4307.txt,55.0,60.26,,141.43,89.0,86.18
Spd_RF2_300_380_4315.txt,51.0,42.06,88.0,92.55,90.0,86.3
Spd_RF2_300_380_4323.txt,55.0,10.92,,141.23,93.0,86.06
Spd_RF2_300_407_4331.txt,48.0,8.17,82.0,94.18,86.0,87.37
Spd_RF2_300_407_4339.txt,47.0,14.54,86.0,94.46,88.0,87.63
Spd_RF2_300_407_4347.txt,46.0,10.88,91.0,95.18,93.0,87.31
Spd_RF2_300_407_4355.txt,44.0,36.37,82.0,94.98,86.0,87.02
Spd_RF2_300_407_4363.txt,46.0,37.46,87.0,94.98,94.0,87.15
Spd_RF2_300_434_4371.txt,37.0,60.39,,145.1,87.0,88.5
Spd_RF2_300_434_4379.txt,35.0,15.47,,145.28,83.0,89.05
Spd_RF2_300_434_4387.txt,37.0,60.28,88.0,155.28,85.0,88.05
Spd_RF2_300_434_4395.txt,42.0,60.34,79.0,97.32,87.0,88.21
Spd_RF2_300_434_4403.txt,42.0,60.25,93.0,97.11,92.0,88.22
Spd_RF2_350_378_4411.txt,96.0,3.45,99.0,97.96,110.0,94.78
Spd_RF2_350_378_4419.txt,93.0,3.72,95.0,97.6,111.0,94.8
Spd_RF2_350_378_4427.txt,96.0,1.24,97.0,98.32,115.0,95.09
Spd_RF2_350_378_4435.txt,94.0,1.02,96.0,97.64,110.0,95.27
Spd_RF2_350_378_4443.txt,94.0,2.37,97.0,96.17,109.0,95.18
Spd_RF2_350_406_4451.txt,82.0,6.14,85.0,100.97,108.0,96.23
Spd_RF2_350_406_4459.txt,81.0,6.72,96.0,100.72,110.0,96.52
Spd_RF2_350_406_4467.txt,82.0,43.98,,147.16,113.0,96.69
Spd_RF2_350_406_4475.txt,78.0,5.25,,146.56,107.0,96.41
Spd_RF2_350_406_4483.txt,80.0,40.02,106.0,101.01,111.0,96.2
Spd_RF2_350_435_4491.txt,65.0,16.15,99.0,103.19,109.0,97.84
Spd_RF2_350_435_4499.txt,66.0,60.28,102.0,102.57,104.0,97.95
Spd_RF2_350_435_4507.txt,64.0,30.77,102.0,103.56,100.0,97.71
Spd_RF2_350_435_4515.txt,69.0,35.64,,148.01,106.0,98.33
Spd_RF2_350_435_4523.txt,67.0,60.29,96.0,103.31,103.0,97.65
Spd_RF2_350_463_4531.txt,59.0,49.22,103.0,106.81,105.0,98.84
Spd_RF2_350_463_4539.txt,60.0,60.3,,150.94,107.0,99.62
Spd_RF2_350_463_4547.txt,59.0,60.31,103.0,106.68,99.0,98.31
Spd_RF2_350_463_4555.txt,55.0,60.34,,151.53,100.0,100.13
Spd_RF2_350_463_4563.txt,58.0,60.31,102.0,106.26,112.0,99.13
Spd_RF2_350_492_4571.txt,47.0,60.28,217.0,109.8,102.0,100.67
Spd_RF2_350_492_4579.txt,56.0,60.33,100.0,114.85,100.0,99.14
Spd_RF2_350_492_4587.txt,47.0,60.37,92.0,109.19,97.0,100.06
Spd_RF2_350_492_4595.txt,44.0,60.33,89.0,110.45,97.0,99.64
Spd_RF2_350_492_4603.txt,51.0,60.33,102.0,109.3,111.0,100.8
Spd_RF2_400_429_4611.txt,112.0,1.26,114.0,108.82,127.0,108.55
Spd_RF2_400_429_4619.txt,112.0,2.2,116.0,109.92,129.0,108.77
Spd_RF2_400_429_4627.txt,112.0,1.39,113.0,108.61,130.0,108.81
Spd_RF2_400_429_4635.txt,110.0,4.29,124.0,109.26,127.0,109.57
Spd_RF2_400_429_4643.txt,113.0,1.13,115.0,109.71,132.0,108.63
Spd_RF2_400_459_4651.txt,95.0,19.19,117.0,112.15,127.0,110.63
Spd_RF2_400_459_4659.txt,91.0,3.04,113.0,111.71,121.0,112.15
Spd_RF2_400_459_4667.txt,95.0,60.32,,154.37,125.0,110.78
Spd_RF2_400_459_4675.txt,97.0,60.3,125.0,112.24,126.0,111.08
Spd_RF2_400_459_4683.txt,94.0,33.93,125.0,112.53,131.0,109.97
Spd_RF2_400_489_4691.txt,78.0,60.36,118.0,116.57,124.0,113.44
Spd_RF2_400_489_4699.txt,80.0,58.4,88.0,115.72,125.0,111.07
Spd_RF2_400_489_4707.txt,81.0,60.36,,156.49,123.0,111.61
Spd_RF2_400_489_4715.txt,78.0,39.44,115.0,115.75,118.0,112.58
Spd_RF2_400_489_4723.txt,82.0,60.33,,157.06,123.0,112.25
Spd_RF2_400_519_4731.txt,72.0,60.33,,160.21,120.0,114.99
Spd_RF2_400_519_4739.txt,67.0,60.33,,159.92,119.0,114.44
Spd_RF2_400_519_4747.txt,72.0,60.34,,159.94,119.0,114.89
Spd_RF2_400_519_4755.txt,71.0,60.34,,160.31,118.0,115.03
Spd_RF2_400_519_4763.txt,69.0,60.39,109.0,119.77,115.0,114.05
Spd_RF2_400_549_4771.txt,59.0,60.44,,161.85,118.0,117.89
Spd_RF2_400_549_4779.txt,55.0,60.34,,162.06,112.0,116.23
Spd_RF2_400_549_4787.txt,57.0,60.36,,163.97,120.0,116.53
Spd_RF2_400_549_4795.txt,57.0,60.38,105.0,180.12,117.0,116.4
Spd_RF2_400_549_4803.txt,61.0,60.36,112.0,123.79,115.0,115.81
Spd_RF2_40_50_611.txt,8.0,0.11,8.0,0.67,8.0,0.75
Spd_RF2_40_50_619.txt,7.0,0.09,7.0,0.62,7.0,0.7
Spd_RF2_40_50_627.txt,7.0,0.09,7.0,0.65,7.0,0.68
Spd_RF2_40_50_635.txt,8.0,0.1,8.0,0.65,8.0,0.78
Spd_RF2_40_50_643.txt,7.0,0.14,7.0,0.67,7.0,0.8
Spd_RF2_40_60_651.txt,3.0,0.14,3.0,1.52,3.0,2.94
Spd_RF2_40_60_659.txt,3.0,0.13,3.0,0.88,3.0,1.41
Spd_RF2_40_60_667.txt,4.0,0.12,4.0,0.93,4.0,1.2
Spd_RF2_40_60_675.txt,3.0,0.15,3.0,0.89,3.0,0.95
Spd_RF2_40_60_683.txt,4.0,0.13,4.0,0.83,4.0,1.81
Spd_RF2_40_71_691.txt,1.0,0.31,1.0,3.03,1.0,1.86
Spd_RF2_40_71_699.txt,2.0,0.3,2.0,2.98,2.0,2.67
Spd_RF2_40_71_707.txt,2.0,0.13,2.0,1.27,2.0,4.86
Spd_RF2_40_71_715.txt,2.0,0.23,2.0,3.12,2.0,3.61
Spd_RF2_40_71_723.txt,1.0,0.37,1.0,1.42,1.0,0.96
Spd_RF2_40_81_731.txt,0.0,0.4,0.0,2.49,0.0,5.37
Spd_RF2_40_81_739.txt,1.0,0.3,1.0,4.22,1.0,9.91
Spd_RF2_40_81_747.txt,1.0,0.3,1.0,6.96,1.0,2.95
Spd_RF2_40_81_755.txt,1.0,0.27,1.0,1.85,1.0,2.2
Spd_RF2_40_81_763.txt,1.0,0.16,1.0,2.58,1.0,18.35
Spd_RF2_40_92_771.txt,1.0,0.22,1.0,4.05,1.0,18.95
Spd_RF2_40_92_779.txt,0.0,0.24,0.0,2.66,0.0,3.19
Spd_RF2_40_92_787.txt,1.0,0.2,1.0,3.91,1.0,14.92
Spd_RF2_40_92_795.txt,0.0,0.18,0.0,3.35,0.0,6.41
Spd_RF2_40_92_803.txt,1.0,0.26,1.0,3.65,1.0,1.33
Spd_RF2_450_482_4811.txt,125.0,3.7,143.0,123.19,149.0,125.24
Spd_RF2_450_482_4819.txt,126.0,2.38,130.0,122.85,148.0,125.1
Spd_RF2_450_482_4827.txt,126.0,4.08,132.0,122.81,144.0,127.23
Spd_RF2_450_482_4835.txt,126.0,5.1,140.0,122.79,146.0,125.35
Spd_RF2_450_482_4843.txt,126.0,1.63,129.0,123.15,146.0,125.43
Spd_RF2_450_515_4851.txt,107.0,11.49,110.0,126.35,140.0,128.13
Spd_RF2_450_515_4859.txt,109.0,38.97,141.0,126.81,140.0,128.2
Spd_RF2_450_515_4867.txt,106.0,52.25,135.0,127.18,138.0,129.02
Spd_RF2_450_515_4875.txt,109.0,20.02,,164.5,144.0,128.08
Spd_RF2_450_515_4883.txt,106.0,57.77,135.0,126.8,141.0,127.36
Spd_RF2_450_548_4891.txt,93.0,60.37,132.0,131.36,139.0,130.46
Spd_RF2_450_548_4899.txt,89.0,60.34,132.0,131.82,136.0,131.18
Spd_RF2_450_548_4907.txt,92.0,60.36,131.0,132.23,137.0,131.23
Spd_RF2_450_548_4915.txt,89.0,56.27,129.0,131.52,137.0,129.02
Spd_RF2_450_548_4923.txt,94.0,60.38,,168.02,133.0,130.35
Spd_RF2_450_581_4931.txt,79.0,60.36,,171.74,141.0,132.06
Spd_RF2_450_581_4939.txt,77.0,60.37,116.0,137.03,131.0,154.24
Spd_RF2_450_581_4947.txt,83.0,60.45,,175.27,135.0,133.44
Spd_RF2_450_581_4955.txt,81.0,60.39,,172.53,134.0,132.83
Spd_RF2_450_581_4963.txt,78.0,60.36,,171.18,129.0,133.13
Spd_RF2_450_614_4971.txt,71.0,60.43,125.0,196.36,136.0,134.26
Spd_RF2_450_614_4979.txt,70.0,60.45,117.0,140.76,133.0,134.11
Spd_RF2_450_614_4987.txt,65.0,60.44,,174.23,143.0,137.36
Spd_RF2_450_614_4995.txt,74.0,60.4,121.0,139.4,128.0,134.08
Spd_RF2_450_614_5003.txt,74.0,60.41,124.0,141.14,137.0,135.1
Spd_RF2_500_534_5011.txt,141.0,4.11,156.0,138.76,162.0,146.51
Spd_RF2_500_534_5019.txt,141.0,14.98,144.0,139.95,165.0,146.53
Spd_RF2_500_534_5027.txt,141.0,1.08,147.0,194.09,160.0,145.32
Spd_RF2_500_534_5035.txt,145.0,9.54,147.0,203.17,164.0,206.37
Spd_RF2_500_534_5043.txt,140.0,5.09,159.0,201.86,163.0,223.74
Spd_RF2_500_568_5051.txt,121.0,42.25,154.0,213.61,155.0,213.21
Spd_RF2_500_568_5059.txt,119.0,44.38,,294.86,159.0,286.0
Spd_RF2_500_568_5067.txt,123.0,120.61,155.0,225.94,161.0,248.02
Spd_RF2_500_568_5075.txt,121.0,57.35,,304.52,158.0,222.15
Spd_RF2_500_568_5083.txt,121.0,4.03,146.0,204.46,155.0,210.4
Spd_RF2_500_603_5091.txt,109.0,91.21,147.0,214.32,148.0,214.63
Spd_RF2_500_603_5099.txt,106.0,120.45,148.0,208.17,147.0,212.84
Spd_RF2_500_603_5107.txt,107.0,82.41,147.0,213.01,157.0,212.04
Spd_RF2_500_603_5115.txt,105.0,95.07,148.0,322.11,156.0,212.02
Spd_RF2_500_603_5123.txt,104.0,120.43,154.0,209.84,148.0,213.28
Spd_RF2_500_637_5131.txt,94.0,120.45,142.0,329.55,155.0,213.35
Spd_RF2_500_637_5139.txt,91.0,120.47,145.0,217.03,147.0,214.86
Spd_RF2_500_637_5147.txt,91.0,120.44,140.0,216.93,153.0,213.07
Spd_RF2_500_637_5155.txt,86.0,120.44,,304.47,145.0,215.52
Spd_RF2_500_637_5163.txt,86.0,120.41,,308.37,150.0,216.8
Spd_RF2_500_672_5171.txt,84.0,120.44,,306.07,158.0,218.3
Spd_RF2_500_672_5179.txt,80.0,120.44,,308.13,148.0,217.68
Spd_RF2_500_672_5187.txt,73.0,120.43,,312.39,144.0,219.14
Spd_RF2_500_672_5195.txt,83.0,120.43,,305.74,154.0,218.92
Spd_RF2_500_672_5203.txt,79.0,120.44,135.0,223.47,144.0,216.57
Spd_RF2_60_107_1131.txt,3.0,1.22,3.0,30.04,3.0,46.08
Spd_RF2_60_107_1139.txt,4.0,0.27,4.0,48.46,4.0,61.16
Spd_RF2_60_107_1147.txt,3.0,0.72,3.0,27.35,3.0,32.65
Spd_RF2_60_107_1155.txt,4.0,0.33,4.0,9.48,4.0,32.71
Spd_RF2_60_107_1163.txt,3.0,1.29,3.0,52.81,3.0,43.91
Spd_RF2_60_119_1171.txt,2.0,0.75,2.0,100.48,2.0,52.82
Spd_RF2_60_119_1179.txt,2.0,1.03,2.0,59.34,2.0,64.49
Spd_RF2_60_119_1187.txt,1.0,1.37,1.0,12.14,1.0,13.76
Spd_RF2_60_119_1195.txt,1.0,1.25,1.0,75.88,1.0,25.2
Spd_RF2_60_119_1203.txt,2.0,0.54,2.0,5.76,2.0,37.91
Spd_RF2_60_71_1011.txt,11.0,0.14,11.0,1.43,11.0,1.54
Spd_RF2_60_71_1019.txt,14.0,0.11,14.0,1.53,14.0,2.74
Spd_RF2_60_71_1027.txt,13.0,0.18,13.0,1.55,13.0,2.32
Spd_RF2_60_71_1035.txt,12.0,0.13,12.0,1.51,12.0,2.13
Spd_RF2_60_71_1043.txt,15.0,0.18,15.0,1.34,15.0,2.1
Spd_RF2_60_83_1051.txt,8.0,0.56,8.0,6.63,8.0,18.23
Spd_RF2_60_83_1059.txt,7.0,0.15,7.0,1.67,7.0,6.28
Spd_RF2_60_83_1067.txt,8.0,0.3,8.0,2.74,8.0,8.03
Spd_RF2_60_83_1075.txt,10.0,0.22,10.0,2.02,10.0,9.65
Spd_RF2_60_83_1083.txt,8.0,0.22,8.0,2.73,8.0,3.22
Spd_RF2_60_95_1091.txt,7.0,0.3,7.0,3.05,7.0,26.1
Spd_RF2_60_95_1099.txt,5.0,0.3,5.0,2.89,5.0,12.37
Spd_RF2_60_95_1107.txt,3.0,0.34,3.0,16.77,3.0,15.82
Spd_RF2_60_95_1115.txt,7.0,0.17,7.0,7.1,7.0,13.37
Spd_RF2_60_95_1123.txt,5.0,0.35,5.0,14.65,5.0,16.02
Spd_RF2_80_106_1451.txt,11.0,0.35,11.0,4.86,11.0,19.29
Spd_RF2_80_106_1459.txt,12.0,0.18,12.0,3.58,12.0,31.51
Spd_RF2_80_106_1467.txt,13.0,0.33,13.0,9.36,13.0,32.81
Spd_RF2_80_106_1475.txt,12.0,0.22,12.0,2.99,12.0,35.93
Spd_RF2_80_106_1483.txt,12.0,0.42,12.0,4.87,12.0,39.73
Spd_RF2_80_120_1491.txt,8.0,0.64,8.0,26.5,8.0,39.86
Spd_RF2_80_120_1499.txt,8.0,0.83,8.0,68.66,8.0,78.73
Spd_RF2_80_120_1507.txt,8.0,0.8,8.0,53.63,8.0,68.34
Spd_RF2_80_120_1515.txt,10.0,0.35,10.0,20.58,11.0,121.71
Spd_RF2_80_120_1523.txt,10.0,0.53,10.0,7.19,10.0,81.7
Spd_RF2_80_133_1531.txt,6.0,2.89,7.0,123.49,6.0,121.82
Spd_RF2_80_133_1539.txt,6.0,1.04,6.0,45.89,6.0,63.08
Spd_RF2_80_133_1547.txt,4.0,1.1,4.0,116.42,5.0,121.67
Spd_RF2_80_133_1555.txt,5.0,0.84,5.0,6.51,5.0,28.45
Spd_RF2_80_133_1563.txt,7.0,0.89,7.0,44.88,7.0,80.29
Spd_RF2_80_147_1571.txt,2.0,2.01,3.0,123.27,3.0,121.97
Spd_RF2_80_147_1579.txt,4.0,0.5,7.0,123.22,4.0,20.5
Spd_RF2_80_147_1587.txt,4.0,2.62,4.0,123.35,7.0,121.94
Spd_RF2_80_147_1595.txt,4.0,1.51,5.0,123.27,4.0,85.32
Spd_RF2_80_147_1603.txt,3.0,0.63,3.0,62.51,3.0,106.11
Spd_RF2_80_93_1411.txt,16.0,0.23,16.0,3.41,16.0,10.86
Spd_RF2_80_93_1419.txt,16.0,0.23,16.0,2.45,16.0,5.98
Spd_RF2_80_93_1427.txt,17.0,0.15,17.0,2.55,17.0,3.71
Spd_RF2_80_93_1435.txt,16.0,0.15,16.0,2.59,16.0,4.07
Spd_RF2_80_93_1443.txt,17.0,0.19,17.0,2.68,17.0,6.2